179,ALFA 156,34,阿尔法罗密欧
400,ALFA 166,34,阿尔法罗密欧
401,ALFA GT,34,阿尔法罗密欧
923,Rapide,35,阿斯顿·马丁
385,V8 Vantage,35,阿斯顿·马丁
822,V12 Vantage,35,阿斯顿·马丁
266,阿斯顿·马丁DB9,35,阿斯顿·马丁
386,Vanquish,35,阿斯顿·马丁
2275,Virage,35,阿斯顿·马丁
2846,V12 Zagato,35,阿斯顿·马丁
582,阿斯顿·马丁DBS,35,阿斯顿·马丁
3170,奥迪A3,33,奥迪
692,奥迪A4L,33,奥迪
18,奥迪A6L,33,奥迪
2951,奥迪Q3,33,奥迪
812,奥迪Q5,33,奥迪
19,奥迪A4,33,奥迪
509,奥迪A6,33,奥迪
650,奥迪A1,33,奥迪
370,奥迪A3(进口),33,奥迪
2730,奥迪S3,33,奥迪
471,奥迪A4(进口),33,奥迪
538,奥迪A5,33,奥迪
2734,奥迪S5,33,奥迪
472,奥迪A6(进口),33,奥迪
2736,奥迪S6,33,奥迪
740,奥迪A7,33,奥迪
2738,奥迪S7,33,奥迪
146,奥迪A8,33,奥迪
2739,奥迪S8,33,奥迪
2264,奥迪Q3(进口),33,奥迪
593,奥迪Q5(进口),33,奥迪
2841,奥迪SQ5,33,奥迪
412,奥迪Q7,33,奥迪
148,奥迪TT,33,奥迪
2740,奥迪TTS,33,奥迪
511,奥迪R8,33,奥迪
2735,奥迪RS 5,33,奥迪
2994,奥迪RS 7,33,奥迪
2447,巴博斯 CLS级,140,巴博斯
2444,巴博斯 S级,140,巴博斯
2575,巴博斯 M级,140,巴博斯
2446,巴博斯 SLK级,140,巴博斯
155,乐驰,120,宝骏
3343,宝骏610,120,宝骏
2236,宝骏630,120,宝骏
3412,宝骏730,120,宝骏
66,宝马3系,15,宝马
65,宝马5系,15,宝马
2561,宝马X1,15,宝马
2388,宝马i3,15,宝马
373,宝马1系,15,宝马
317,宝马3系(进口),15,宝马
2963,宝马3系GT,15,宝马
2968,宝马4系,15,宝马
202,宝马5系(进口),15,宝马
2847,宝马5系GT,15,宝马
270,宝马6系,15,宝马
153,宝马7系,15,宝马
271,宝马X3,15,宝马
3053,宝马X4,15,宝马
159,宝马X5,15,宝马
587,宝马X6,15,宝马
3230,宝马2系,15,宝马
2387,宝马i8,15,宝马
161,宝马Z4,15,宝马
675,宝马X1(进口),15,宝马
2196,宝马M3,15,宝马
3189,宝马M4,15,宝马
2726,宝马M5,15,宝马
2727,宝马M6,15,宝马
2728,宝马X5 M,15,宝马
2729,宝马X6 M,15,宝马
2725,宝马1系M,15,宝马
703,Panamera,40,保时捷
2838,Macan,40,保时捷
172,卡宴,40,保时捷
168,Boxster,40,保时捷
415,Cayman,40,保时捷
162,保时捷911,40,保时捷
2073,保时捷918,40,保时捷
2252,北京汽车E系列,27,北京汽车
623,北京40,27,北京汽车
3284,幻速S2,203,北汽幻速
3361,幻速S3,203,北汽幻速
3533,北汽新能源E150EV,208,北汽新能源
965,战旗,154,北汽制造
3035,BJ 212,154,北汽制造
2126,域胜007,154,北汽制造
622,勇士,154,北汽制造
852,骑士S12,154,北汽制造
966,陆霸,154,北汽制造
588,奔驰C级,36,奔驰
197,奔驰E级,36,奔驰
2562,奔驰GLK级,36,奔驰
2084,威霆,36,奔驰
2034,唯雅诺,36,奔驰
52,奔驰A级,36,奔驰
398,奔驰B级,36,奔驰
2966,奔驰CLA级,36,奔驰
56,奔驰C级(进口),36,奔驰
450,奔驰E级(进口),36,奔驰
365,奔驰CLS级,36,奔驰
59,奔驰S级,36,奔驰
3079,奔驰GLA级(进口),36,奔驰
57,奔驰M级,36,奔驰
60,奔驰G级,36,奔驰
467,奔驰GL级,36,奔驰
469,奔驰R级,36,奔驰
300,唯雅诺(进口),36,奔驰
267,奔驰SLK级,36,奔驰
237,奔驰SL级,36,奔驰
2005,Sprinter,36,奔驰
192,威霆(进口),36,奔驰
683,奔驰CL级,36,奔驰
595,奔驰GLK级(进口),36,奔驰
235,奔驰CLK级,36,奔驰
2842,奔驰A级AMG,36,奔驰
2967,奔驰CLA级AMG,36,奔驰
2717,奔驰C级AMG,36,奔驰
2719,奔驰CLS级AMG,36,奔驰
2197,奔驰S级AMG,36,奔驰
3264,奔驰GLA级AMG,36,奔驰
2722,奔驰M级AMG,36,奔驰
2723,奔驰G级AMG,36,奔驰
2833,奔驰GL级AMG,36,奔驰
2721,奔驰SLK级AMG,36,奔驰
2720,奔驰SL级AMG,36,奔驰
914,奔驰SLS级AMG,36,奔驰
2718,奔驰E级AMG,36,奔驰
632,奔腾B50,95,奔腾
466,奔腾B70,95,奔腾
2310,奔腾B90,95,奔腾
3000,奔腾X80,95,奔腾
3104,杰德,14,本田
135,思域,14,本田
859,思铂睿,14,本田
3582,本田XR-V,14,本田
314,本田CR-V,14,本田
2565,艾力绅,14,本田
694,锋范,14,本田
81,飞度,14,本田
3085,凌派,14,本田
2168,歌诗图,14,本田
78,雅阁,14,本田
3460,缤智,14,本田
880,奥德赛,14,本田
449,思迪,14,本田
900,飞度(进口),14,本田
723,INSIGHT,14,本田
897,本田CR-Z,14,本田
231,里程,14,本田
233,时韵,14,本田
579,比亚迪F0,75,比亚迪
407,比亚迪F3,75,比亚迪
927,比亚迪G3,75,比亚迪
3283,比亚迪G5,75,比亚迪
2085,比亚迪L3,75,比亚迪
2761,秦,75,比亚迪
2806,速锐,75,比亚迪
2091,比亚迪G6,75,比亚迪
2944,思锐,75,比亚迪
2088,比亚迪S6,75,比亚迪
3059,比亚迪S7,75,比亚迪
831,比亚迪e6,75,比亚迪
798,比亚迪M6,75,比亚迪
997,比亚迪G3R,75,比亚迪
417,福莱尔,75,比亚迪
940,比亚迪F3R,75,比亚迪
540,比亚迪F6,75,比亚迪
489,比亚迪S8,75,比亚迪
3068,标致301,13,标致
99,标致307,13,标致
877,标致308,13,标致
987,标致408,13,标致
2299,标致508,13,标致
3234,标致2008,13,标致
2619,标致3008,13,标致
437,标致206,13,标致
688,标致207,13,标致
640,标致207(进口),13,标致
689,标致308(进口),13,标致
2472,标致4008,13,标致
2047,标致RCZ,13,标致
185,标致407,13,标致
724,标致3008(进口),13,标致
184,标致206(进口),13,标致
277,标致307(进口),13,标致
186,标致607,13,标致
875,凯越,38,别克
982,英朗,38,别克
164,君威,38,别克
834,君越,38,别克
2896,昂科拉,38,别克
3554,昂科威,38,别克
166,别克GL8,38,别克
525,林荫大道,38,别克
344,荣御,38,别克
592,昂科雷,38,别克
901,慕尚,39,宾利
3014,飞驰,39,宾利
305,欧陆,39,宾利
306,雅致,39,宾利
390,威航,37,布加迪
76,爱迪尔,79,昌河
3217,奔奔,76,长安
2045,奔奔MINI,76,长安
2119,长安CX20,76,长安
2788,悦翔V5,76,长安
2567,悦翔V3,76,长安
3033,致尚XT,76,长安
2429,逸动,76,长安
1008,长安CX30,76,长安
3422,悦翔V7,76,长安
2785,睿骋,76,长安
2778,长安CS35,76,长安
3204,长安CS75,76,长安
705,悦翔,76,长安
484,奔奔i,76,长安
2046,奔奔LOVE,76,长安
590,志翔,76,长安
520,杰勋,76,长安
2954,欧力威,163,长安商用
2122,长城C20R,77,长城
2001,长城M2,77,长城
2090,长城C30,77,长城
2120,长城C50,77,长城
2304,长城M4,77,长城
2200,长城V80,77,长城
491,长城精灵,77,长城
493,酷熊,77,长城
624,凌傲,77,长城
492,炫丽,77,长城
535,长城M1,77,长城
6,赛弗,77,长城
552,赛影,77,长城
536,嘉誉,77,长城
3309,DS 5LS,169,DS
2952,DS 5,169,DS
3324,DS 6,169,DS
898,DS 3,169,DS
2078,DS 4,169,DS
2314,DS 5(进口),169,DS
545,森雅,92,大发
145,POLO,1,大众
2922,桑塔纳,1,大众
3103,朗行,1,大众
614,朗逸,1,大众
3197,朗境,1,大众
528,帕萨特,1,大众
874,途观,1,大众
333,途安,1,大众
144,高尔,1,大众
826,Passat领驭,1,大众
149,桑塔纳经典,1,大众
207,桑塔纳志俊,1,大众
16,捷达,1,大众
633,宝来,1,大众
871,高尔夫,1,大众
442,速腾,1,大众
496,迈腾,1,大众
905,一汽-大众CC,1,大众
15,宝来/宝来经典,1,大众
360,开迪,1,大众
780,大众up!,1,大众
210,甲壳虫,1,大众
372,高尔夫(进口),1,大众
539,迈腾(进口),1,大众
224,辉腾,1,大众
557,Tiguan,1,大众
82,途锐,1,大众
86,夏朗,1,大众
631,迈特威,1,大众
3416,凯路威,1,大众
669,尚酷,1,大众
430,大众Eos,1,大众
368,Passat,1,大众
700,大众CC,1,大众
574,凯领,41,道奇
602,酷威,41,道奇
2198,道奇Ram,41,道奇
576,锋哲,41,道奇
575,酷搏,41,道奇
560,猛士,32,东风
561,奥丁,63,日产
951,帅客,63,日产
562,御轩,63,日产
1006,风神H30,113,东风风神
790,风神S30,113,东风风神
2556,风神A60,113,东风风神
3493,风神A30,113,东风风神
3341,风神AX7,113,东风风神
554,景逸,165,东风风行
3301,景逸S50,165,东风风行
3414,景逸X3,165,东风风行
3128,景逸X5,165,东风风行
2990,风行CM7,165,东风风行
2540,菱智,165,东风风行
2742,景逸SUV,165,东风风行
606,V3菱悦,81,东南
2769,V5菱致,81,东南
2776,V6菱仕,81,东南
126,菱帅,81,东南
676,California,42,法拉利
889,法拉利458,42,法拉利
2682,F12berlinetta,42,法拉利
2261,法拉利FF,42,法拉利
3016,LaFerrari,42,法拉利
459,法拉利599,42,法拉利
361,法拉利360,42,法拉利
308,法拉利575M,42,法拉利
367,法拉利612,42,法拉利
359,法拉利F430,42,法拉利
3267,Ottimo致悦,11,菲亚特
2767,菲翔,11,菲亚特
465,派朗,11,菲亚特
89,派力奥,11,菲亚特
90,西耶那,11,菲亚特
91,周末风,11,菲亚特
601,菲亚特500,11,菲亚特
2262,菲跃,11,菲亚特
543,朋多,11,菲亚特
542,博悦,11,菲亚特
544,领雅,11,菲亚特
3126,YARiS L 致炫,3,丰田
3462,雷凌,3,丰田
110,凯美瑞,3,丰田
771,汉兰达,3,丰田
2237,逸致,3,丰田
505,雅力士,3,丰田
111,威驰,3,丰田
109,花冠,3,丰田
526,卡罗拉,3,丰田
371,普锐斯,3,丰田
375,锐志,3,丰田
882,皇冠,3,丰田
770,一汽丰田RAV4,3,丰田
45,兰德酷路泽,3,丰田
46,普拉多,3,丰田
170,特锐,3,丰田
513,FJ 酷路泽,3,丰田
762,Venza威飒,3,丰田
334,普拉多(进口),3,丰田
964,红杉,3,丰田
2107,埃尔法,3,丰田
107,普瑞维亚,3,丰田
983,Sienna,3,丰田
2574,丰田86,3,丰田
2244,杰路驰,3,丰田
2354,坦途,3,丰田
963,凯美瑞(海外),3,丰田
206,丰田RAV4(进口),3,丰田
549,汉兰达(进口),3,丰田
550,兰德酷路泽(进口),3,丰田
3633,揽福,141,福迪
2454,探索者Ⅱ,141,福迪
2455,探索者Ⅲ,141,福迪
2453,探索者6,141,福迪
3347,福睿斯,8,福特
659,嘉年华,8,福特
364,福克斯,8,福特
117,蒙迪欧,8,福特
3175,致胜,8,福特
2871,翼搏,8,福特
2863,翼虎,8,福特
498,麦柯斯,8,福特
577,蒙迪欧-致胜,8,福特
713,嘉年华(进口),8,福特
704,福克斯(进口),8,福特
684,锐界(进口),8,福特
2024,探险者,8,福特
2025,征服者,8,福特
2302,福特E350,8,福特
102,野马,8,福特
2353,福特F-150,8,福特
97,翼虎/Kuga,8,福特
378,福特GT,8,福特
661,迷迪,96,福田
955,TERRAIN,112,GMC
980,SAVANA,112,GMC
2355,SIERRA,112,GMC
2974,观致3,152,观致
2093,大蛇,116,光冈
2095,嘉路,116,光冈
2094,女王,116,光冈
3069,传祺GA3,82,广汽传祺
3524,传祺GA3S视界,82,广汽传祺
2141,传祺GA5,82,广汽传祺
2560,传祺GS5,82,广汽传祺
3574,传祺GS5速博,82,广汽传祺
3272,E美,108,广汽吉奥
2306,奥轩G5,108,广汽吉奥
2774,奥轩GX5,108,广汽吉奥
3477,广汽吉奥GX6,108,广汽吉奥
3134,星朗,108,广汽吉奥
2114,奥轩G3,108,广汽吉奥
969,吉奥凯旋,108,广汽吉奥
865,凯睿,108,广汽吉奥
1015,帅豹,108,广汽吉奥
968,帅威,108,广汽吉奥
967,帅驰,108,广汽吉奥
864,帅舰,108,广汽吉奥
67,路宝,24,哈飞
392,赛豹III,24,哈飞
68,赛马,24,哈飞
481,赛豹V,24,哈飞
3481,哈弗COUPE C,181,哈弗
3454,哈弗H1,181,哈弗
2615,哈弗H2,181,哈弗
2027,哈弗H5,181,哈弗
2123,哈弗H6,181,哈弗
2124,哈弗H8,181,哈弗
3298,哈弗H9,181,哈弗
395,哈弗H3,181,哈弗
824,丘比特,86,海马
470,福美来,86,海马
3303,福美来M5,86,海马
2941,海马M3,86,海马
2766,海马M8,86,海马
3214,海马S5,86,海马
3075,海马S7,86,海马
823,海马骑士,86,海马
844,普力马,86,海马
47,海福星,86,海马
527,海马3,86,海马
696,欢动,86,海马
2318,海马爱尚,86,海马
855,海马王子,86,海马
379,悍马H3,43,悍马
38,悍马H2,43,悍马
3108,红旗L5,91,红旗
2771,红旗H7,91,红旗
556,新明仕,91,红旗
428,红旗盛世,91,红旗
570,海锋,85,华普
461,海尚,85,华普
507,海炫,85,华普
194,海迅,85,华普
460,海域,85,华普
856,海悦,85,华普
862,华普海景,85,华普
3607,华颂7,220,华颂
2133,路盛E70,87,华泰
2108,华泰B11,87,华泰
2144,宝利格,87,华泰
477,圣达菲,87,华泰
3344,新圣达菲,87,华泰
290,特拉卡,87,华泰
2212,翱龙CUV,97,黄海
673,旗胜F1,97,黄海
2160,旗胜V3,97,黄海
2211,挑战者SUV,97,黄海
291,北京JEEP,46,Jeep
23,大切诺基,46,Jeep
504,指南者,46,Jeep
777,自由客,46,Jeep
121,牧马人,46,Jeep
3062,自由光,46,Jeep
521,大切诺基(进口),46,Jeep
263,自由人,46,Jeep
503,指挥官,46,Jeep
3048,大切诺基 SRT,46,Jeep
608,熊猫,25,吉利汽车
2840,吉利SC3,25,吉利汽车
447,金刚,25,吉利汽车
409,自由舰,25,吉利汽车
3556,帝豪,25,吉利汽车
2051,海景,25,吉利汽车
2155,吉利GC7,25,吉利汽车
799,经典帝豪,25,吉利汽车
841,英伦TX4,25,吉利汽车
474,远景,25,吉利汽车
801,吉利EC8,25,吉利汽车
989,吉利GX7,25,吉利汽车
2964,吉利SX7,25,吉利汽车
3467,豪情SUV,25,吉利汽车
2111,吉利SC5-RV,25,吉利汽车
2192,吉利GX2,25,吉利汽车
133,豪情,25,吉利汽车
2156,吉利SC6,25,吉利汽车
609,金鹰,25,吉利汽车
132,美日,25,吉利汽车
421,优利欧,25,吉利汽车
138,美人豹,25,吉利汽车
611,中国龙,25,吉利汽车
828,悦悦,84,江淮
3407,和悦A13,84,江淮
3408,和悦A13RS,84,江淮
2956,和悦A30,84,江淮
3395,和悦iEV,84,江淮
616,和悦,84,江淮
3080,瑞风S3,84,江淮
2752,瑞风S5,84,江淮
816,和悦RS,84,江淮
2543,瑞风M5,84,江淮
660,同悦,84,江淮
617,同悦RS,84,江淮
567,宾悦,84,江淮
572,瑞鹰,84,江淮
2228,驭胜,119,江铃
2674,宝威,119,江铃
589,捷豹XF,44,捷豹
178,捷豹XJ,44,捷豹
2903,捷豹F-TYPE,44,捷豹
456,捷豹XK,44,捷豹
328,捷豹X-Type,44,捷豹
258,捷豹S-Type,44,捷豹
2325,智尚S30,83,金杯
2402,金杯S50,83,金杯
3320,艾菲,151,九龙
911,X-BOW,109,KTM
2611,卡尔森 S级,156,卡尔森
2610,卡尔森 GL级,156,卡尔森
3656,卡升C10,224,卡升
3655,卡升C7,224,卡升
3511,卡威W1,199,卡威
517,优翼,101,开瑞
3207,凯迪拉克ATS-L,47,凯迪拉克
2949,凯迪拉克XTS,47,凯迪拉克
488,SLS赛威,47,凯迪拉克
970,凯迪拉克CTS,47,凯迪拉克
311,凯迪拉克CTS(进口),47,凯迪拉克
49,凯迪拉克SRX,47,凯迪拉克
462,凯雷德ESCALADE,47,凯迪拉克
2629,凯迪拉克ATS(进口),47,凯迪拉克
238,帝威,47,凯迪拉克
426,凯迪拉克XLR,47,凯迪拉克
3586,凯翼C3,214,凯翼
2068,Agera,100,科尼赛克
731,科尼赛克CCX,100,科尼赛克
732,科尼赛克CCXR,100,科尼赛克
566,铂锐,9,克莱斯勒
487,克莱斯勒300C,9,克莱斯勒
227,大捷龙,9,克莱斯勒
342,克莱斯勒300C(进口),9,克莱斯勒
2207,大捷龙(进口),9,克莱斯勒
380,PT 漫步者,9,克莱斯勒
222,交叉火力,9,克莱斯勒
3277,Huracan,48,兰博基尼
2277,Aventador,48,兰博基尼
354,Gallardo,48,兰博基尼
174,Murcielago,48,兰博基尼
727,Reventon,48,兰博基尼
2102,劳伦士S级,118,劳伦士
2103,劳伦士M级,118,劳伦士
265,幻影,54,劳斯莱斯
836,古思特,54,劳斯莱斯
3015,魅影,54,劳斯莱斯
3559,雷丁D50,215,雷丁
2063,雷克萨斯CT,52,雷克萨斯
201,雷克萨斯IS,52,雷克萨斯
403,雷克萨斯ES,52,雷克萨斯
261,雷克萨斯GS,52,雷克萨斯
341,雷克萨斯LS,52,雷克萨斯
3442,雷克萨斯NX,52,雷克萨斯
351,雷克萨斯RX,52,雷克萨斯
112,雷克萨斯GX,52,雷克萨斯
352,雷克萨斯LX,52,雷克萨斯
3238,雷克萨斯RC,52,雷克萨斯
697,雷克萨斯LFA,52,雷克萨斯
332,雷克萨斯SC,52,雷克萨斯
908,风朗,10,雷诺
196,梅甘娜,10,雷诺
188,拉古那,10,雷诺
2184,纬度,10,雷诺
2765,塔利斯曼,10,雷诺
686,科雷傲,10,雷诺
199,风景,10,雷诺
257,威赛帝,10,雷诺
2248,理念S1,124,理念
597,力帆320,80,力帆
3082,力帆330,80,力帆
2957,力帆530,80,力帆
443,力帆520,80,力帆
596,力帆620,80,力帆
3083,力帆630,80,力帆
2312,力帆720,80,力帆
3220,力帆X50,80,力帆
2134,力帆X60,80,力帆
928,莲花L3,89,莲花汽车
2125,莲花L5,89,莲花汽车
583,竞速,89,莲花汽车
691,竞悦,89,莲花汽车
706,飞腾,78,猎豹汽车
3124,飞腾C5,78,猎豹汽车
961,黑金刚,78,猎豹汽车
962,猎豹6481,78,猎豹汽车
569,猎豹CS6,78,猎豹汽车
3150,猎豹Q6,78,猎豹汽车
815,猎豹CS7,78,猎豹汽车
568,骐菱,78,猎豹汽车
793,林肯MKZ,51,林肯
869,林肯MKS,51,林肯
2991,林肯MKC,51,林肯
758,林肯MKX,51,林肯
794,林肯MKT,51,林肯
95,领航员,51,林肯
103,城市,51,林肯
75,北斗星,53,铃木
3216,北斗星X5,53,铃木
2049,派喜,53,铃木
432,利亚纳,53,铃木
3112,利亚纳A6,53,铃木
3528,启悦,53,铃木
872,奥拓,53,铃木
362,雨燕,53,铃木
94,羚羊,53,铃木
529,天语 SX4,53,铃木
2242,天语 尚悦,53,铃木
3185,锋驭,53,铃木
2176,速翼特,53,铃木
892,凯泽西,53,铃木
508,吉姆尼,53,铃木
500,超级维特拉,53,铃木
3436,艾威,204,陆地方舟
3439,陆风,204,陆地方舟
3438,陆地方舟V5,204,陆地方舟
2883,陆风X5,88,陆风
501,陆风X6,88,陆风
833,陆风X8,88,陆风
635,陆风X9,88,陆风
468,风尚,88,陆风
571,风华,88,陆风
77,神行者2,49,路虎
3565,发现神行,49,路虎
754,揽胜极光(进口),49,路虎
802,第四代发现,49,路虎
850,揽胜运动版,49,路虎
69,揽胜,49,路虎
256,卫士,49,路虎
3177,神行者,49,路虎
72,第三代发现,49,路虎
272,Elise,50,路特斯
681,Evora,50,路特斯
891,Exige,50,路特斯
2147,MG3,20,MG
3547,MG GT,20,MG
532,MG5,20,MG
835,MG6,20,MG
531,MG7,20,MG
555,MG3SW,20,MG
533,MGTF,20,MG
209,MINI,56,MINI
930,MINI ROADSTER,56,MINI
749,MINI CLUBMAN,56,MINI
750,MINI COUNTRYMAN,56,MINI
2241,MINI PACEMAN,56,MINI
904,MINI COUPE,56,MINI
3178,MINI JCW,56,MINI
3179,MINI JCW CLUBMAN,56,MINI
3181,MINI JCW COUNTRYMAN,56,MINI
3182,MINI JCW PACEMAN,56,MINI
3180,MINI JCW COUPE,56,MINI
433,马自达2,58,马自达
3294,马自达3 Axela昂克赛拉,58,马自达
2418,马自达3星骋,58,马自达
2987,马自达CX-5,58,马自达
641,马自达2劲翔,58,马自达
363,马自达3,58,马自达
3154,阿特兹,58,马自达
22,马自达6,58,马自达
655,睿翼,58,马自达
3066,马自达CX-7,58,马自达
2118,马自达8,58,马自达
658,马自达CX-7(进口),58,马自达
1005,马自达CX-9,58,马自达
578,马自达5,58,马自达
672,马自达MX-5,58,马自达
584,马自达3(进口),58,马自达
3096,ATENZA,58,马自达
2391,马自达CX-5(进口),58,马自达
304,马自达8(进口),58,马自达
295,马自达RX-8,58,马自达
3060,Ghibli,57,玛莎拉蒂
289,总裁,57,玛莎拉蒂
551,GranTurismo,57,玛莎拉蒂
903,GranCabrio,57,玛莎拉蒂
322,Coupe,57,玛莎拉蒂
191,Spyder,57,玛莎拉蒂
389,迈巴赫,55,迈巴赫
2902,迈凯伦P1,129,迈凯伦
3620,迈凯伦625C,129,迈凯伦
3382,迈凯伦650S,129,迈凯伦
2293,迈凯伦12C,129,迈凯伦
3491,3 Wheeler,168,摩根
3153,摩根4-4,168,摩根
2835,摩根Aero,168,摩根
3152,摩根Plus 4,168,摩根
2836,摩根Plus 8,168,摩根
3151,摩根Roadster,168,摩根
2988,纳智捷 5 Sedan,130,纳智捷
3293,优6 SUV,130,纳智捷
2295,大7 SUV,130,纳智捷
3040,大7 MPV,130,纳智捷
2296,MASTER CEO,130,纳智捷
2642,讴歌ILX,60,讴歌
479,讴歌TL,60,讴歌
3328,讴歌TLX,60,讴歌
464,讴歌RL,60,讴歌
2748,讴歌RLX,60,讴歌
888,讴歌RDX,60,讴歌
524,讴歌MDX,60,讴歌
806,讴歌ZDX,60,讴歌
348,雅特,59,欧宝
653,英速亚,59,欧宝
670,安德拉,59,欧宝
2021,麦瑞纳,59,欧宝
381,赛飞利,59,欧宝
182,威达,59,欧宝
2563,欧朗,146,欧朗
3157,艾瑞泽3,26,奇瑞
2989,奇瑞QQ,26,奇瑞
612,奇瑞QQme,26,奇瑞
996,旗云1,26,奇瑞
837,风云2,26,奇瑞
2953,奇瑞E3,26,奇瑞
2980,艾瑞泽7,26,奇瑞
2324,奇瑞E5,26,奇瑞
2331,旗云5,26,奇瑞
3397,瑞虎3,26,奇瑞
3195,瑞虎5,26,奇瑞
87,奇瑞QQ3,26,奇瑞
518,奇瑞A1,26,奇瑞
2178,旗云2,26,奇瑞
530,奇瑞A3,26,奇瑞
2180,旗云3,26,奇瑞
83,东方之子,26,奇瑞
854,奇瑞X1,26,奇瑞
396,瑞虎,26,奇瑞
478,奇瑞QQ6,26,奇瑞
85,旗云,26,奇瑞
84,风云,26,奇瑞
434,奇瑞A5,26,奇瑞
451,东方之子Cross,26,奇瑞
3648,奇瑞eQ,26,奇瑞
3475,启辰R30,122,启辰
2955,晨风,122,启辰
2341,启辰D50,122,启辰
2867,启辰R50,122,启辰
3226,启辰R50X,122,启辰
2319,起亚K2,62,起亚
876,秀尔,62,起亚
413,赛拉图,62,起亚
813,福瑞迪,62,起亚
3385,起亚K3S,62,起亚
2886,起亚K3,62,起亚
3286,起亚K4,62,起亚
2246,起亚K5,62,起亚
565,狮跑,62,起亚
2137,智跑,62,起亚
454,RIO锐欧,62,起亚
142,千里马,62,起亚
298,远舰,62,起亚
284,嘉华,62,起亚
890,起亚K5(进口),62,起亚
1010,凯尊,62,起亚
281,索兰托,62,起亚
591,霸锐,62,起亚
453,佳乐,62,起亚
502,起亚VQ,62,起亚
1016,速迈,62,起亚
452,SPORTAGE,62,起亚
275,欧菲莱斯,62,起亚
2086,玛驰,63,日产
522,骊威,63,日产
425,骐达,63,日产
448,轩逸,63,日产
64,阳光,63,日产
634,天籁,63,日产
564,逍客,63,日产
656,奇骏,63,日产
2381,楼兰,63,日产
355,颐达,63,日产
63,蓝鸟,63,日产
475,骏逸,63,日产
53,帕拉丁,63,日产
2113,日产NV200,63,日产
264,途乐,63,日产
438,贵士,63,日产
702,日产370Z,63,日产
436,日产GT-R,63,日产
208,奇骏(进口),63,日产
958,楼兰(海外),63,日产
205,风度,63,日产
376,风雅,63,日产
204,西玛,63,日产
316,日产350Z,63,日产
2779,荣威E50,19,荣威
2062,荣威350,19,荣威
537,荣威550,19,荣威
482,荣威750,19,荣威
2743,荣威950,19,荣威
2297,荣威W5,19,荣威
2972,如虎 XL,174,如虎
2970,如虎 CTR 3,174,如虎
804,瑞麒M1,103,瑞麒
853,瑞麒M5,103,瑞麒
2109,瑞麒G3,103,瑞麒
797,瑞麒G5,103,瑞麒
791,瑞麒G6,103,瑞麒
620,smart fortwo,45,smart
2958,smart forjeremy,45,smart
343,Saab 9-3,64,萨博
211,Saab 9-5,64,萨博
25,欧蓝德,68,三菱
24,帕杰罗速跑,68,三菱
3131,风迪思,68,三菱
458,蓝瑟,68,三菱
873,翼神,68,三菱
483,三菱戈蓝,68,三菱
668,君阁,68,三菱
128,菱绅,68,三菱
2768,劲炫ASX,68,三菱
3008,帕杰罗·劲畅,68,三菱
377,帕杰罗,68,三菱
369,LANCER,68,三菱
486,欧蓝德(进口),68,三菱
2332,帕杰罗·劲畅(进口),68,三菱
580,帕杰罗(进口),68,三菱
1018,ASX劲炫(进口),68,三菱
325,格蓝迪,68,三菱
651,伊柯丽斯,68,三菱
3064,上汽大通G10,155,上汽大通
3557,绅宝D20,173,绅宝
2791,绅宝D50,173,绅宝
3427,绅宝D60,173,绅宝
2787,绅宝D70,173,绅宝
599,世爵C8,66,世爵
345,双环SCEO,90,双环
506,小贵族,90,双环
13,来宝SRV,90,双环
141,主席,69,双龙
2214,柯兰多,69,双龙
455,爱腾,69,双龙
139,雷斯特,69,双龙
3132,雷斯特W,69,双龙
485,享御,69,双龙
516,路帝,69,双龙
2751,思铭,162,思铭
283,翼豹,65,斯巴鲁
287,力狮,65,斯巴鲁
2417,斯巴鲁XV,65,斯巴鲁
285,森林人,65,斯巴鲁
286,傲虎,65,斯巴鲁
414,驰鹏,65,斯巴鲁
2557,斯巴鲁BRZ,65,斯巴鲁
382,晶锐,67,斯柯达
519,明锐,67,斯柯达
3290,昕动,67,斯柯达
2962,昕锐,67,斯柯达
3171,速派,67,斯柯达
3013,野帝,67,斯柯达
772,昊锐,67,斯柯达
3269,速尊,67,斯柯达
858,Yeti(进口),67,斯柯达
357,昊锐(进口),67,斯柯达
3393,泰卡特 T9,202,泰卡特
3392,泰卡特 T7,202,泰卡特
3389,泰卡特 T1,202,泰卡特
3390,泰卡特 T2,202,泰卡特
3391,泰卡特 T3,202,泰卡特
2357,MODEL S,133,特斯拉
2805,腾势,161,腾势
613,威麟X5,102,威麟
909,威麟V5,102,威麟
725,威兹曼GT,99,威兹曼
959,威兹曼Roadster,99,威兹曼
693,沃尔沃S80L,70,沃尔沃
463,沃尔沃S40,70,沃尔沃
3158,沃尔沃S60L,70,沃尔沃
3411,沃尔沃XC60,70,沃尔沃
3420,XC Classic,70,沃尔沃
2678,沃尔沃V40,70,沃尔沃
404,沃尔沃S60,70,沃尔沃
2190,沃尔沃V60,70,沃尔沃
585,沃尔沃XC60(进口),70,沃尔沃
177,沃尔沃XC90,70,沃尔沃
175,沃尔沃S80,70,沃尔沃
494,沃尔沃C30,70,沃尔沃
981,沃尔沃S40(进口),70,沃尔沃
406,沃尔沃C70,70,沃尔沃
714,伊比飒Ibiza,98,西雅特
718,LEON,98,西雅特
2105,欧悦搏,98,西雅特
2115,瑞纳,12,现代
3415,瑞奕,12,现代
586,悦动,12,现代
2764,朗动,12,现代
3073,名图,12,现代
50,索纳塔八,12,现代
3292,北京现代ix25,12,现代
358,途胜,12,现代
1007,北京现代ix35,12,现代
2927,全新胜达,12,现代
431,雅绅特,12,现代
814,北京现代i30,12,现代
51,伊兰特,12,现代
690,领翔,12,现代
866,名驭,12,现代
2649,索纳塔,12,现代
429,御翔,12,现代
2256,Veloster飞思,12,现代
1017,索纳塔(进口),12,现代
446,雅尊,12,现代
3453,捷恩斯,12,现代
594,劳恩斯,12,现代
255,雅科仕,12,现代
2984,全新胜达(进口),12,现代
3164,格锐,12,现代
2117,H-1辉翼,12,现代
756,劳恩斯-酷派,12,现代
975,途胜(进口),12,现代
127,新胜达(进口),12,现代
131,君爵,12,现代
510,维拉克斯,12,现代
457,美佳,12,现代
252,酷派,12,现代
3090,凯胜,185,新凯
163,赛欧,71,雪佛兰
2348,爱唯欧,71,雪佛兰
657,科鲁兹,71,雪佛兰
397,景程,71,雪佛兰
2313,迈锐宝,71,雪佛兰
3335,TRAX创酷,71,雪佛兰
2583,科帕奇,71,雪佛兰
420,乐骋,71,雪佛兰
439,乐风,71,雪佛兰
678,科迈罗Camaro,71,雪佛兰
808,斯帕可SPARK,71,雪佛兰
682,沃蓝达Volt,71,雪佛兰
546,科帕奇(进口),71,雪佛兰
2945,雪铁龙C4L,72,雪铁龙
639,世嘉,72,雪铁龙
98,爱丽舍,72,雪铁龙
792,雪铁龙C5,72,雪铁龙
232,毕加索,72,雪铁龙
476,雪铁龙C2,72,雪铁龙
293,富康,72,雪铁龙
388,凯旋,72,雪铁龙
230,赛纳,72,雪铁龙
2473,雪铁龙C4 Aircross,72,雪铁龙
473,C4毕加索,72,雪铁龙
329,雪铁龙C3,72,雪铁龙
480,雪铁龙C4,72,雪铁龙
212,雪铁龙C5(进口),72,雪铁龙
440,雪铁龙C6,72,雪铁龙
2378,野马F10,111,野马汽车
2445,野马F12,111,野马汽车
2440,野马F16,111,野马汽车
939,野马F99,111,野马汽车
444,威志,110,一汽
879,威志V2,110,一汽
2716,威志V5,110,一汽
104,威姿,110,一汽
101,夏利,110,一汽
878,夏利N5,110,一汽
2781,夏利N7,110,一汽
3081,骏派D60,110,一汽
106,威乐,110,一汽
2131,森雅S80,110,一汽
913,森雅M80,110,一汽
3553,英菲尼迪Q50L,73,英菲尼迪
2992,英菲尼迪Q50,73,英菲尼迪
3097,英菲尼迪Q70,73,英菲尼迪
3535,英菲尼迪ESQ,73,英菲尼迪
3098,英菲尼迪QX50(进口),73,英菲尼迪
3043,英菲尼迪QX60,73,英菲尼迪
3099,英菲尼迪QX70,73,英菲尼迪
3100,英菲尼迪QX80,73,英菲尼迪
3201,英菲尼迪Q60,73,英菲尼迪
3202,英菲尼迪Q60S,73,英菲尼迪
2400,英菲尼迪JX,73,英菲尼迪
383,英菲尼迪G系,73,英菲尼迪
581,英菲尼迪M系,73,英菲尼迪
605,英菲尼迪EX,73,英菲尼迪
122,英菲尼迪FX,73,英菲尼迪
416,英菲尼迪QX,73,英菲尼迪
3306,英致G3,192,英致
3087,猎鹰,93,永源
424,永源A380,93,永源
3497,知豆,206,知豆
3289,中华豚,22,中华
2999,中华H220,22,中华
2770,中华H230,22,中华
2857,中华H320,22,中华
2998,中华H330,22,中华
2323,中华H530,22,中华
523,中华骏捷FRV,22,中华
825,中华骏捷FSV,22,中华
411,中华骏捷,22,中华
130,中华尊驰,22,中华
2294,中华V5,22,中华
860,中华骏捷Cross,22,中华
490,中华酷宝,22,中华
2658,中兴C3,74,中兴
2850,无限,74,中兴
627,无限V3,74,中兴
2081,无限V5,74,中兴
2143,无限V7,74,中兴
2230,江南TT,94,众泰
3575,云100,94,众泰
3002,众泰Z100,94,众泰
2161,众泰Z200,94,众泰
2171,众泰Z200HB,94,众泰
2337,众泰Z300,94,众泰
3425,众泰Z500,94,众泰
558,众泰2008,94,众泰
663,众泰5008,94,众泰
2336,众泰T200,94,众泰
2334,众泰T600,94,众泰
708,众泰M300,94,众泰
2541,瑞风,84,江淮
2566,欧诺,76,长安
2139,五菱宏光,114,五菱汽车
2451,五菱荣光,114,五菱汽车
2452,东风小康K01,142,东风小康
2456,五菱之光,114,五菱汽车
2466,日产D22,63,日产
2476,优优,101,开瑞
2477,希旺,81,东南
2478,福瑞达,79,昌河
2480,众泰V10,94,众泰
2481,福仕达荣达,86,海马
2482,北汽威旺306,143,北汽威旺
2484,优雅,101,开瑞
2485,骏意,24,哈飞
2486,民意,24,哈飞
2487,哈飞小霸王,24,哈飞
2488,星旺,108,广汽吉奥
2489,优派,101,开瑞
2490,东风小康V07S,142,东风小康
2491,东风小康V21,142,东风小康
2492,优胜,101,开瑞
2493,优胜2代,101,开瑞
2494,东风小康V22,142,东风小康
2495,东风小康V27,142,东风小康
2496,优劲,101,开瑞
2497,东风小康K02,142,东风小康
2498,东风小康K06,142,东风小康
2499,东风小康K17,142,东风小康
2500,东风小康K07,142,东风小康
2501,东风小康K07II,142,东风小康
2502,兴顺,80,力帆
2503,丰顺,80,力帆
2504,长安星光,163,长安商用
2505,金牛星,163,长安商用
2506,PN货车,114,五菱汽车
2523,经典全顺,8,福特
2524,新世代全顺,8,福特
2527,柯斯达,3,丰田
2530,得利卡,81,东南
2531,都灵,144,依维柯
2532,得意,144,依维柯
2533,宝迪,144,依维柯
2534,浪迪,53,铃木
2535,风景,96,福田
2536,路尊大霸王,24,哈飞
2537,阁瑞斯,83,金杯
2538,威麟H3,102,威麟
2539,威麟H5,102,威麟
2542,蒙派克E,96,福田
2545,金杯大海狮,83,金杯
2564,凌特,36,奔驰
2568,财运500,108,广汽吉奥
2569,星锐,84,江淮
2571,财运300,108,广汽吉奥
2572,海格H5C,150,海格
2573,九龙A5,151,九龙
2576,九龙A6,151,九龙
2577,拓陆者,96,福田
2578,碧莲,63,日产
2579,萨普,96,福田
2581,瑞铃,84,江淮
2582,大MPV,151,九龙
2599,财运100,108,广汽吉奥
2600,长安之星,163,长安商用
2601,海星A7,83,金杯
2604,长安之星S460,163,长安商用
2605,长安之星2,163,长安商用
2606,长安星光4500,163,长安商用
2607,HIACE,3,丰田
2608,上汽大通V80,155,上汽大通
2659,大力神,83,金杯
2660,金典,83,金杯
2665,雷龙,83,金杯
2673,御骏,150,海格
2711,海星A9,83,金杯
2712,海星T20,83,金杯
2744,东风小康V29,142,东风小康
2745,宝斯通,84,江淮
2800,福顺,80,力帆
2810,金杯海狮,83,金杯
2837,海星T22,83,金杯
2839,御风,32,东风
2853,日产ZN厢式车,63,日产
2855,五菱荣光小卡,114,五菱汽车
2865,东风小康C37,142,东风小康
2885,星旺CL,108,广汽吉奥
2901,俊风CV03,32,东风
2923,神骐,163,长安商用
2943,北汽威旺205,143,北汽威旺
2976,金旅海狮,175,金旅
3017,优优2代,101,开瑞
3036,东风小康C35,142,东风小康
3038,中意V5,24,哈飞
3058,福运,79,昌河
3086,风光,142,东风小康
3089,蒙派克S,96,福田
3091,尊行,163,长安商用
3136,小海狮X30,83,金杯
3139,星旺M1,108,广汽吉奥
3140,星旺M2,108,广汽吉奥
3149,龙威,150,海格
3155,长安星卡,163,长安商用
3156,优雅2代,101,开瑞
3159,星旺L,108,广汽吉奥
3160,福仕达鸿达,86,海马
3162,福仕达腾达,86,海马
3163,福仕达福卡,86,海马
3166,虎视,32,东风
3191,北汽威旺M20,143,北汽威旺
3192,伊思坦纳,155,上汽大通
3227,睿行,163,长安商用
3228,力帆T11,80,力帆
3229,力帆T21,80,力帆
3231,北汽威旺307,143,北汽威旺
3235,海格H7V,150,海格
3243,海格H5V,150,海格
3311,长安V5,163,长安商用
3346,启腾M70,197,福汽启腾
3428,北汽威旺T205-D,143,北汽威旺
100010,风行,32,东风
100016,丰田佳美,3,丰田
100018,公爵王,63,日产
100023,中意,24,哈飞
3432,开沃D11,213,南京金龙
2986,金威,145,金龙
2985,凯歌,145,金龙
3549,凯特,145,金龙
3504,成功V1,196,成功汽车
3505,成功V2,196,成功汽车
3506,成功K1,196,成功汽车
3507,成功K2,196,成功汽车
3508,成功X1,196,成功汽车
