179,ALFA|156,34,阿尔法罗密欧
400,ALFA|166,34,阿尔法罗密欧
401,ALFA|GT,34,阿尔法罗密欧
923,Rapide,35,
385,Vantage,35,
822,12|Vantage,35,
266,DB,35,
386,Vanquish,35,
2275,Virage,35,
2846,12|Zagato,35,
582,DBS,35,
3170,奥迪,33,奥迪
692,奥迪,33,奥迪
18,奥迪,33,奥迪
2951,奥迪,33,奥迪
812,奥迪,33,奥迪
19,奥迪,33,奥迪
509,奥迪,33,奥迪
650,奥迪,33,奥迪
370,奥迪|进口,33,奥迪
2730,奥迪,33,奥迪
471,奥迪|进口,33,奥迪
538,奥迪,33,奥迪
2734,奥迪,33,奥迪
472,奥迪|进口,33,奥迪
2736,奥迪,33,奥迪
740,奥迪,33,奥迪
2738,奥迪,33,奥迪
146,奥迪,33,奥迪
2739,奥迪,33,奥迪
2264,奥迪|进口,33,奥迪
593,奥迪|进口,33,奥迪
2841,奥迪|SQ,33,奥迪
412,奥迪,33,奥迪
148,奥迪|TT,33,奥迪
2740,奥迪|TTS,33,奥迪
511,奥迪,33,奥迪
2735,奥迪|RS,33,奥迪
2994,奥迪|RS,33,奥迪
2447,CLS,140,
2444,,140,
2575,,140,
2446,SLK,140,
155,乐驰,120,
3343,610,120,
2236,630,120,
3412,730,120,
66,宝马,15,宝马
65,宝马,15,宝马
2561,宝马,15,宝马
2388,宝马,15,宝马
373,宝马,15,宝马
317,宝马|进口,15,宝马
2963,宝马|GT,15,宝马
2968,宝马,15,宝马
202,宝马|进口,15,宝马
2847,宝马|GT,15,宝马
270,宝马,15,宝马
153,宝马,15,宝马
271,宝马,15,宝马
3053,宝马,15,宝马
159,宝马,15,宝马
587,宝马,15,宝马
3230,宝马,15,宝马
2387,宝马,15,宝马
161,宝马,15,宝马
675,宝马|进口,15,宝马
2196,宝马,15,宝马
3189,宝马,15,宝马
2726,宝马,15,宝马
2727,宝马,15,宝马
2728,宝马,15,宝马
2729,宝马,15,宝马
2725,宝马,15,宝马
703,Panamera,40,保时捷
2838,Macan,40,保时捷
172,卡宴,40,保时捷
168,Boxster,40,保时捷
415,Cayman,40,保时捷
162,保时捷|911,40,保时捷
2073,保时捷|918,40,保时捷
2252,北京|汽车|系列,27,北京|汽车
623,北京|40,27,北京|汽车
3284,,203,北汽
3361,,203,北汽
3533,北汽|能源|150|EV,208,北汽|能源
965,战旗,154,北汽制造
3035,BJ|212,154,北汽制造
2126,007,154,北汽制造
622,勇士,154,北汽制造
852,骑士|12,154,北汽制造
966,陆霸,154,北汽制造
588,奔驰,36,奔驰
197,奔驰,36,奔驰
2562,奔驰|GLK,36,奔驰
2084,威霆,36,奔驰
2034,唯雅诺,36,奔驰
52,奔驰,36,奔驰
398,奔驰,36,奔驰
2966,奔驰|CLA,36,奔驰
56,奔驰|进口,36,奔驰
450,奔驰|进口,36,奔驰
365,奔驰|CLS,36,奔驰
59,奔驰,36,奔驰
3079,奔驰|GLA|进口,36,奔驰
57,奔驰,36,奔驰
60,奔驰,36,奔驰
467,奔驰|GL,36,奔驰
469,奔驰,36,奔驰
300,唯雅诺|进口,36,奔驰
267,奔驰|SLK,36,奔驰
237,奔驰|SL,36,奔驰
2005,Sprinter,36,奔驰
192,威霆|进口,36,奔驰
683,奔驰|CL,36,奔驰
595,奔驰|GLK|进口,36,奔驰
235,奔驰|CLK,36,奔驰
2842,奔驰|AMG,36,奔驰
2967,奔驰|CLA|AMG,36,奔驰
2717,奔驰|AMG,36,奔驰
2719,奔驰|CLS|AMG,36,奔驰
2197,奔驰|AMG,36,奔驰
3264,奔驰|GLA|AMG,36,奔驰
2722,奔驰|AMG,36,奔驰
2723,奔驰|AMG,36,奔驰
2833,奔驰|GL|AMG,36,奔驰
2721,奔驰|SLK|AMG,36,奔驰
2720,奔驰|SL|AMG,36,奔驰
914,奔驰|SLS|AMG,36,奔驰
2718,奔驰|AMG,36,奔驰
632,奔腾|50,95,奔腾
466,奔腾|70,95,奔腾
2310,奔腾|90,95,奔腾
3000,奔腾|80,95,奔腾
3104,,14,本田
135,思域,14,本田
859,思铂睿,14,本田
3582,本田|XR,14,本田
314,本田|CR,14,本田
2565,,14,本田
694,锋范,14,本田
81,飞度,14,本田
3085,,14,本田
2168,,14,本田
78,雅阁,14,本田
3460,,14,本田
880,奥德赛,14,本田
449,思迪,14,本田
900,飞度|进口,14,本田
723,INSIGHT,14,本田
897,本田|CR,14,本田
231,里程,14,本田
233,时韵,14,本田
579,比亚迪,75,比亚迪
407,比亚迪,75,比亚迪
927,比亚迪,75,比亚迪
3283,比亚迪,75,比亚迪
2085,比亚迪,75,比亚迪
2761,,75,比亚迪
2806,,75,比亚迪
2091,比亚迪,75,比亚迪
2944,,75,比亚迪
2088,比亚迪,75,比亚迪
3059,比亚迪,75,比亚迪
831,比亚迪,75,比亚迪
798,比亚迪,75,比亚迪
997,比亚迪,75,比亚迪
417,福莱尔,75,比亚迪
940,比亚迪,75,比亚迪
540,比亚迪,75,比亚迪
489,比亚迪,75,比亚迪
3068,标致|301,13,标致
99,标致|307,13,标致
877,标致|308,13,标致
987,标致|408,13,标致
2299,标致|508,13,标致
3234,标致|2008,13,标致
2619,标致|3008,13,标致
437,标致|206,13,标致
688,标致|207,13,标致
640,标致|207|进口,13,标致
689,标致|308|进口,13,标致
2472,标致|4008,13,标致
2047,标致|RCZ,13,标致
185,标致|407,13,标致
724,标致|3008|进口,13,标致
184,标致|206|进口,13,标致
277,标致|307|进口,13,标致
186,标致|607,13,标致
875,凯越,38,别克
982,英朗,38,别克
164,君威,38,别克
834,君越,38,别克
2896,,38,别克
3554,昂科威,38,别克
166,别克|GL,38,别克
525,林荫大道,38,别克
344,荣御,38,别克
592,昂科雷,38,别克
901,,39,宾利
3014,飞驰,39,宾利
305,欧陆,39,宾利
306,雅致,39,宾利
390,威航,37,布加迪
76,爱迪尔,79,昌河
3217,奔奔,76,长安
2045,奔奔|MINI,76,长安
2119,长安|CX|20,76,长安
2788,悦翔,76,长安
2567,悦翔,76,长安
3033,XT,76,长安
2429,,76,长安
1008,长安|CX|30,76,长安
3422,悦翔,76,长安
2785,,76,长安
2778,长安|CS|35,76,长安
3204,长安|CS|75,76,长安
705,悦翔,76,长安
484,奔奔,76,长安
2046,奔奔|LOVE,76,长安
590,志翔,76,长安
520,杰勋,76,长安
2954,,163,长安|商用
2122,长城|20,77,长城
2001,长城,77,长城
2090,长城|30,77,长城
2120,长城|50,77,长城
2304,长城,77,长城
2200,长城|80,77,长城
491,长城|精灵,77,长城
493,酷熊,77,长城
624,凌傲,77,长城
492,炫丽,77,长城
535,长城,77,长城
6,赛弗,77,长城
552,赛影,77,长城
536,嘉誉,77,长城
3309,DS|LS,169,DS
2952,DS,169,DS
3324,DS,169,DS
898,DS,169,DS
2078,DS,169,DS
2314,DS|进口,169,DS
545,森雅,92,大发
145,POLO,1,大众
2922,桑塔纳,1,大众
3103,,1,大众
614,朗逸,1,大众
3197,,1,大众
528,帕萨特,1,大众
874,途观,1,大众
333,途安,1,大众
144,高尔,1,大众
826,Passat|领驭,1,大众
149,桑塔纳,1,大众
207,桑塔纳志俊,1,大众
16,捷达,1,大众
633,宝来,1,大众
871,高尔夫,1,大众
442,速腾,1,大众
496,迈腾,1,大众
905,一汽|大众|CC,1,大众
15,宝来|宝来,1,大众
360,开迪,1,大众
780,大众|up,1,大众
210,甲壳虫,1,大众
372,高尔夫|进口,1,大众
539,迈腾|进口,1,大众
224,辉腾,1,大众
557,Tiguan,1,大众
82,途锐,1,大众
86,,1,大众
631,,1,大众
3416,,1,大众
669,尚酷,1,大众
430,大众|Eos,1,大众
368,Passat,1,大众
700,大众|CC,1,大众
574,凯领,41,道奇
602,酷威,41,道奇
2198,道奇|Ram,41,道奇
576,锋哲,41,道奇
575,酷搏,41,道奇
560,猛士,32,东风
561,奥丁,63,日产
951,帅客,63,日产
562,御轩,63,日产
1006,风神|30,113,东风风神
790,风神|30,113,东风风神
2556,风神|60,113,东风风神
3493,风神|30,113,东风风神
3341,风神|AX,113,东风风神
554,景逸,165,东风风行
3301,景逸|50,165,东风风行
3414,景逸,165,东风风行
3128,景逸,165,东风风行
2990,风行|CM,165,东风风行
2540,菱智,165,东风风行
2742,景逸|SUV,165,东风风行
606,菱悦,81,东南
2769,,81,东南
2776,,81,东南
126,菱帅,81,东南
676,California,42,法拉利
889,法拉利|458,42,法拉利
2682,12|berlinetta,42,法拉利
2261,法拉利|FF,42,法拉利
3016,LaFerrari,42,法拉利
459,法拉利|599,42,法拉利
361,法拉利|360,42,法拉利
308,法拉利|575,42,法拉利
367,法拉利|612,42,法拉利
359,法拉利|430,42,法拉利
3267,Ottimo,11,菲亚特
2767,,11,菲亚特
465,派朗,11,菲亚特
89,派力奥,11,菲亚特
90,西耶那,11,菲亚特
91,周末风,11,菲亚特
601,菲亚特|500,11,菲亚特
2262,,11,菲亚特
543,朋多,11,菲亚特
542,博悦,11,菲亚特
544,领雅,11,菲亚特
3126,YARiS,3,丰田
3462,,3,丰田
110,凯美瑞,3,丰田
771,汉兰达,3,丰田
2237,,3,丰田
505,雅力士,3,丰田
111,威驰,3,丰田
109,花冠,3,丰田
526,卡罗拉,3,丰田
371,普锐斯,3,丰田
375,锐志,3,丰田
882,皇冠,3,丰田
770,一汽丰田|RAV,3,丰田
45,兰德酷路泽,3,丰田
46,普拉多,3,丰田
170,特锐,3,丰田
513,FJ|酷路泽,3,丰田
762,Venza,3,丰田
334,普拉多|进口,3,丰田
964,红杉,3,丰田
2107,,3,丰田
107,普瑞维亚,3,丰田
983,Sienna,3,丰田
2574,丰田|86,3,丰田
2244,,3,丰田
2354,坦途,3,丰田
963,凯美瑞|海外,3,丰田
206,丰田|RAV|进口,3,丰田
549,汉兰达|进口,3,丰田
550,兰德酷路泽|进口,3,丰田
3633,,141,福迪
2454,探索者,141,福迪
2455,探索者,141,福迪
2453,探索者,141,福迪
3347,,8,福特
659,嘉年华,8,福特
364,福克斯,8,福特
117,蒙迪欧,8,福特
3175,,8,福特
2871,,8,福特
2863,翼虎,8,福特
498,麦柯斯,8,福特
577,蒙迪欧,8,福特
713,嘉年华|进口,8,福特
704,福克斯|进口,8,福特
684,进口,8,福特
2024,探险,8,福特
2025,征服,8,福特
2302,福特|350,8,福特
102,野马,8,福特
2353,福特|150,8,福特
97,翼虎|Kuga,8,福特
378,福特|GT,8,福特
661,迷迪,96,福田
955,TERRAIN,112,GMC
980,SAVANA,112,GMC
2355,SIERRA,112,GMC
2974,,152,
2093,,116,
2095,,116,
2094,女王,116,
3069,GA,82,广汽
3524,GA|视界,82,广汽
2141,GA,82,广汽
2560,GS,82,广汽
3574,GS,82,广汽
3272,,108,广汽|吉奥
2306,,108,广汽|吉奥
2774,GX,108,广汽|吉奥
3477,广汽|吉奥|GX,108,广汽|吉奥
3134,,108,广汽|吉奥
2114,,108,广汽|吉奥
969,吉奥|凯旋,108,广汽|吉奥
865,凯睿,108,广汽|吉奥
1015,帅豹,108,广汽|吉奥
968,帅威,108,广汽|吉奥
967,,108,广汽|吉奥
864,帅舰,108,广汽|吉奥
67,,24,
392,赛豹|III,24,
68,赛马,24,
481,赛豹,24,
3481,哈弗|COUPE,181,哈弗
3454,哈弗,181,哈弗
2615,哈弗,181,哈弗
2027,哈弗,181,哈弗
2123,哈弗,181,哈弗
2124,哈弗,181,哈弗
3298,哈弗,181,哈弗
395,哈弗,181,哈弗
824,丘比特,86,海马
470,福美来,86,海马
3303,福美来,86,海马
2941,海马,86,海马
2766,海马,86,海马
3214,海马,86,海马
3075,海马,86,海马
823,海马|骑士,86,海马
844,普力马,86,海马
47,海福星,86,海马
527,海马,86,海马
696,欢动,86,海马
2318,海马,86,海马
855,海马|王子,86,海马
379,悍马,43,悍马
38,悍马,43,悍马
3108,红旗,91,红旗
2771,红旗,91,红旗
556,,91,红旗
428,红旗|盛世,91,红旗
570,海锋,85,华普
461,海尚,85,华普
507,海炫,85,华普
194,海迅,85,华普
460,海域,85,华普
856,海悦,85,华普
862,华普|海景,85,华普
3607,,220,
2133,70,87,华泰
2108,华泰|11,87,华泰
2144,,87,华泰
477,圣达菲,87,华泰
3344,圣达菲,87,华泰
290,特拉卡,87,华泰
2212,翱龙|CUV,97,黄海
673,旗胜,97,黄海
2160,旗胜,97,黄海
2211,挑战者|SUV,97,黄海
291,北京|JEEP,46,Jeep
23,大切诺基,46,Jeep
504,指南者,46,Jeep
777,自由,46,Jeep
121,牧马人,46,Jeep
3062,自由,46,Jeep
521,大切诺基|进口,46,Jeep
263,自由,46,Jeep
503,指挥官,46,Jeep
3048,大切诺基|SRT,46,Jeep
608,熊猫,25,吉利|汽车
2840,吉利|SC,25,吉利|汽车
447,金刚,25,吉利|汽车
409,自由舰,25,吉利|汽车
3556,帝豪,25,吉利|汽车
2051,海景,25,吉利|汽车
2155,吉利|GC,25,吉利|汽车
799,经典|帝豪,25,吉利|汽车
841,英伦|TX,25,吉利|汽车
474,远景,25,吉利|汽车
801,吉利|EC,25,吉利|汽车
989,吉利|GX,25,吉利|汽车
2964,吉利|SX,25,吉利|汽车
3467,豪情|SUV,25,吉利|汽车
2111,吉利|SC|RV,25,吉利|汽车
2192,吉利|GX,25,吉利|汽车
133,豪情,25,吉利|汽车
2156,吉利|SC,25,吉利|汽车
609,金鹰,25,吉利|汽车
132,美日,25,吉利|汽车
421,优利欧,25,吉利|汽车
138,美人豹,25,吉利|汽车
611,中国,25,吉利|汽车
828,,84,江淮
3407,和悦|13,84,江淮
3408,和悦|13|RS,84,江淮
2956,和悦|30,84,江淮
3395,和悦|iEV,84,江淮
616,和悦,84,江淮
3080,瑞风,84,江淮
2752,瑞风,84,江淮
816,和悦|RS,84,江淮
2543,瑞风,84,江淮
660,同悦,84,江淮
617,同悦|RS,84,江淮
567,宾悦,84,江淮
572,瑞鹰,84,江淮
2228,,119,江铃
2674,,119,江铃
589,捷豹|XF,44,捷豹
178,捷豹|XJ,44,捷豹
2903,捷豹|TYPE,44,捷豹
456,捷豹|XK,44,捷豹
328,捷豹|Type,44,捷豹
258,捷豹|Type,44,捷豹
2325,30,83,金杯
2402,金杯|50,83,金杯
3320,,151,九龙
911,BOW,109,KTM
2611,,156,
2610,GL,156,
3656,10,224,
3655,,224,
3511,,199,
517,优翼,101,
3207,凯迪拉克|ATS,47,凯迪拉克
2949,凯迪拉克|XTS,47,凯迪拉克
488,SLS|赛威,47,凯迪拉克
970,凯迪拉克|CTS,47,凯迪拉克
311,凯迪拉克|CTS|进口,47,凯迪拉克
49,凯迪拉克|SRX,47,凯迪拉克
462,凯雷德|ESCALADE,47,凯迪拉克
2629,凯迪拉克|ATS|进口,47,凯迪拉克
238,帝威,47,凯迪拉克
426,凯迪拉克|XLR,47,凯迪拉克
3586,,214,
2068,Agera,100,
731,CCX,100,
732,CCXR,100,
566,铂锐,9,克莱斯勒
487,克莱斯勒|300,9,克莱斯勒
227,大捷龙,9,克莱斯勒
342,克莱斯勒|300|进口,9,克莱斯勒
2207,大捷龙|进口,9,克莱斯勒
380,PT|漫步者,9,克莱斯勒
222,交叉|火力,9,克莱斯勒
3277,Huracan,48,兰博基尼
2277,Aventador,48,兰博基尼
354,Gallardo,48,兰博基尼
174,Murcielago,48,兰博基尼
727,Reventon,48,兰博基尼
2102,,118,
2103,,118,
265,幻影,54,劳斯莱斯
836,古思特,54,劳斯莱斯
3015,,54,劳斯莱斯
3559,50,215,
2063,雷克萨斯|CT,52,雷克萨斯
201,雷克萨斯|IS,52,雷克萨斯
403,雷克萨斯|ES,52,雷克萨斯
261,雷克萨斯|GS,52,雷克萨斯
341,雷克萨斯|LS,52,雷克萨斯
3442,雷克萨斯|NX,52,雷克萨斯
351,雷克萨斯|RX,52,雷克萨斯
112,雷克萨斯|GX,52,雷克萨斯
352,雷克萨斯|LX,52,雷克萨斯
3238,雷克萨斯|RC,52,雷克萨斯
697,雷克萨斯|LFA,52,雷克萨斯
332,雷克萨斯|SC,52,雷克萨斯
908,,10,雷诺
196,梅甘娜,10,雷诺
188,拉古那,10,雷诺
2184,纬度,10,雷诺
2765,,10,雷诺
686,科雷傲,10,雷诺
199,风景,10,雷诺
257,威赛帝,10,雷诺
2248,理念,124,理念
597,力帆|320,80,力帆
3082,力帆|330,80,力帆
2957,力帆|530,80,力帆
443,力帆|520,80,力帆
596,力帆|620,80,力帆
3083,力帆|630,80,力帆
2312,力帆|720,80,力帆
3220,力帆|50,80,力帆
2134,力帆|60,80,力帆
928,莲花,89,莲花汽车
2125,莲花,89,莲花汽车
583,竞速,89,莲花汽车
691,竞悦,89,莲花汽车
706,飞腾,78,猎豹|汽车
3124,飞腾,78,猎豹|汽车
961,黑金,78,猎豹|汽车
962,猎豹|6481,78,猎豹|汽车
569,猎豹|CS,78,猎豹|汽车
3150,猎豹,78,猎豹|汽车
815,猎豹|CS,78,猎豹|汽车
568,骐菱,78,猎豹|汽车
793,林肯|MKZ,51,林肯
869,林肯|MKS,51,林肯
2991,林肯|MKC,51,林肯
758,林肯|MKX,51,林肯
794,林肯|MKT,51,林肯
95,领航员,51,林肯
103,城市,51,林肯
75,北斗星,53,铃木
3216,北斗星,53,铃木
2049,,53,铃木
432,利亚纳,53,铃木
3112,利亚纳,53,铃木
3528,,53,铃木
872,奥拓,53,铃木
362,雨燕,53,铃木
94,羚羊,53,铃木
529,天语|SX,53,铃木
2242,天语,53,铃木
3185,,53,铃木
2176,,53,铃木
892,,53,铃木
508,吉姆尼,53,铃木
500,超级维特拉,53,铃木
3436,,204,陆地|方舟
3439,陆风,204,陆地|方舟
3438,陆地|方舟,204,陆地|方舟
2883,陆风,88,陆风
501,陆风,88,陆风
833,陆风,88,陆风
635,陆风,88,陆风
468,风尚,88,陆风
571,风华,88,陆风
77,神行者,49,路虎
3565,发现,49,路虎
754,揽胜|极光|进口,49,路虎
802,第四代|发现,49,路虎
850,揽胜运动版,49,路虎
69,揽胜,49,路虎
256,卫士,49,路虎
3177,神行者,49,路虎
72,第三代|发现,49,路虎
272,Elise,50,
681,Evora,50,
891,Exige,50,
2147,MG,20,MG
3547,MG|GT,20,MG
532,MG,20,MG
835,MG,20,MG
531,MG,20,MG
555,MG|SW,20,MG
533,MGTF,20,MG
209,MINI,56,MINI
930,MINI|ROADSTER,56,MINI
749,MINI|CLUBMAN,56,MINI
750,MINI|COUNTRYMAN,56,MINI
2241,MINI|PACEMAN,56,MINI
904,MINI|COUPE,56,MINI
3178,MINI|JCW,56,MINI
3179,MINI|JCW|CLUBMAN,56,MINI
3181,MINI|JCW|COUNTRYMAN,56,MINI
3182,MINI|JCW|PACEMAN,56,MINI
3180,MINI|JCW|COUPE,56,MINI
433,马自达,58,马自达
3294,马自达|Axela,58,马自达
2418,马自达,58,马自达
2987,马自达|CX,58,马自达
641,马自达,58,马自达
363,马自达,58,马自达
3154,,58,马自达
22,马自达,58,马自达
655,睿翼,58,马自达
3066,马自达|CX,58,马自达
2118,马自达,58,马自达
658,马自达|CX|进口,58,马自达
1005,马自达|CX,58,马自达
578,马自达,58,马自达
672,马自达|MX,58,马自达
584,马自达|进口,58,马自达
3096,ATENZA,58,马自达
2391,马自达|CX|进口,58,马自达
304,马自达|进口,58,马自达
295,马自达|RX,58,马自达
3060,Ghibli,57,玛莎拉蒂
289,总裁,57,玛莎拉蒂
551,GranTurismo,57,玛莎拉蒂
903,GranCabrio,57,玛莎拉蒂
322,Coupe,57,玛莎拉蒂
191,Spyder,57,玛莎拉蒂
389,迈巴赫,55,迈巴赫
2902,,129,
3620,625,129,
3382,650,129,
2293,12,129,
3491,Wheeler,168,摩根
3153,摩根,168,摩根
2835,摩根|Aero,168,摩根
3152,摩根|Plus,168,摩根
2836,摩根|Plus,168,摩根
3151,摩根|Roadster,168,摩根
2988,Sedan,130,
3293,SUV,130,
2295,SUV,130,
3040,MPV,130,
2296,MASTER|CEO,130,
2642,讴歌|ILX,60,讴歌
479,讴歌|TL,60,讴歌
3328,讴歌|TLX,60,讴歌
464,讴歌|RL,60,讴歌
2748,讴歌|RLX,60,讴歌
888,讴歌|RDX,60,讴歌
524,讴歌|MDX,60,讴歌
806,讴歌|ZDX,60,讴歌
348,雅特,59,欧宝
653,,59,欧宝
670,安德拉,59,欧宝
2021,,59,欧宝
381,赛飞利,59,欧宝
182,威达,59,欧宝
2563,,146,
3157,瑞泽,26,奇瑞
2989,奇瑞|QQ,26,奇瑞
612,奇瑞|QQme,26,奇瑞
996,旗云,26,奇瑞
837,风云,26,奇瑞
2953,奇瑞,26,奇瑞
2980,瑞泽,26,奇瑞
2324,奇瑞,26,奇瑞
2331,旗云,26,奇瑞
3397,瑞虎,26,奇瑞
3195,瑞虎,26,奇瑞
87,奇瑞|QQ,26,奇瑞
518,奇瑞,26,奇瑞
2178,旗云,26,奇瑞
530,奇瑞,26,奇瑞
2180,旗云,26,奇瑞
83,东方之子,26,奇瑞
854,奇瑞,26,奇瑞
396,瑞虎,26,奇瑞
478,奇瑞|QQ,26,奇瑞
85,旗云,26,奇瑞
84,风云,26,奇瑞
434,奇瑞,26,奇瑞
451,东方之子|Cross,26,奇瑞
3648,奇瑞|eQ,26,奇瑞
3475,30,122,
2955,晨风,122,
2341,50,122,
2867,50,122,
3226,50,122,
2319,起亚,62,起亚
876,秀尔,62,起亚
413,赛拉图,62,起亚
813,福瑞迪,62,起亚
3385,起亚,62,起亚
2886,起亚,62,起亚
3286,起亚,62,起亚
2246,起亚,62,起亚
565,狮跑,62,起亚
2137,智跑,62,起亚
454,RIO|锐欧,62,起亚
142,千里马,62,起亚
298,远舰,62,起亚
284,嘉华,62,起亚
890,起亚|进口,62,起亚
1010,,62,起亚
281,索兰托,62,起亚
591,霸锐,62,起亚
453,,62,起亚
502,起亚|VQ,62,起亚
1016,速迈,62,起亚
452,SPORTAGE,62,起亚
275,欧菲莱斯,62,起亚
2086,,63,日产
522,骊威,63,日产
425,骐达,63,日产
448,轩逸,63,日产
64,阳光,63,日产
634,天籁,63,日产
564,逍客,63,日产
656,奇骏,63,日产
2381,楼兰,63,日产
355,颐达,63,日产
63,蓝鸟,63,日产
475,骏逸,63,日产
53,帕拉丁,63,日产
2113,日产|NV|200,63,日产
264,途乐,63,日产
438,贵士,63,日产
702,日产|370,63,日产
436,日产|GT,63,日产
208,奇骏|进口,63,日产
958,楼兰|海外,63,日产
205,风度,63,日产
376,风雅,63,日产
204,西玛,63,日产
316,日产|350,63,日产
2779,荣威|50,19,荣威
2062,荣威|350,19,荣威
537,荣威|550,19,荣威
482,荣威|750,19,荣威
2743,荣威|950,19,荣威
2297,荣威,19,荣威
2972,XL,174,
2970,CTR,174,
804,瑞麒,103,瑞麒
853,瑞麒,103,瑞麒
2109,瑞麒,103,瑞麒
797,瑞麒,103,瑞麒
791,瑞麒,103,瑞麒
620,smart|fortwo,45,smart
2958,smart|forjeremy,45,smart
343,Saab,64,萨博
211,Saab,64,萨博
25,欧蓝德,68,三菱
24,帕杰罗,68,三菱
3131,,68,三菱
458,蓝瑟,68,三菱
873,,68,三菱
483,三菱|戈蓝,68,三菱
668,君阁,68,三菱
128,菱绅,68,三菱
2768,ASX,68,三菱
3008,帕杰罗,68,三菱
377,帕杰罗,68,三菱
369,LANCER,68,三菱
486,欧蓝德|进口,68,三菱
2332,帕杰罗|进口,68,三菱
580,帕杰罗|进口,68,三菱
1018,ASX|进口,68,三菱
325,格蓝迪,68,三菱
651,,68,三菱
3064,上汽|大通|10,155,上汽|大通
3557,20,173,
2791,50,173,
3427,60,173,
2787,70,173,
599,世爵,66,世爵
345,SCEO,90,
506,小贵族,90,
13,来宝|SRV,90,
141,主席,69,双龙
2214,,69,双龙
455,爱腾,69,双龙
139,雷斯特,69,双龙
3132,雷斯特,69,双龙
485,享御,69,双龙
516,路帝,69,双龙
2751,,162,
283,翼豹,65,斯巴鲁
287,力狮,65,斯巴鲁
2417,斯巴鲁|XV,65,斯巴鲁
285,森林人,65,斯巴鲁
286,傲虎,65,斯巴鲁
414,驰鹏,65,斯巴鲁
2557,斯巴鲁|BRZ,65,斯巴鲁
382,晶锐,67,斯柯达
519,明锐,67,斯柯达
3290,,67,斯柯达
2962,,67,斯柯达
3171,速派,67,斯柯达
3013,,67,斯柯达
772,昊锐,67,斯柯达
3269,,67,斯柯达
858,Yeti|进口,67,斯柯达
357,昊锐|进口,67,斯柯达
3393,,202,
3392,,202,
3389,,202,
3390,,202,
3391,,202,
2357,MODEL,133,
2805,,161,
613,威麟,102,威麟
909,威麟,102,威麟
725,GT,99,
959,Roadster,99,
693,沃尔沃|80,70,沃尔沃
463,沃尔沃|40,70,沃尔沃
3158,沃尔沃|60,70,沃尔沃
3411,沃尔沃|XC|60,70,沃尔沃
3420,XC|Classic,70,沃尔沃
2678,沃尔沃|40,70,沃尔沃
404,沃尔沃|60,70,沃尔沃
2190,沃尔沃|60,70,沃尔沃
585,沃尔沃|XC|60|进口,70,沃尔沃
177,沃尔沃|XC|90,70,沃尔沃
175,沃尔沃|80,70,沃尔沃
494,沃尔沃|30,70,沃尔沃
981,沃尔沃|40|进口,70,沃尔沃
406,沃尔沃|70,70,沃尔沃
714,Ibiza,98,雅特
718,LEON,98,雅特
2105,,98,雅特
2115,,12,现代
3415,,12,现代
586,悦动,12,现代
2764,,12,现代
3073,,12,现代
50,索纳塔,12,现代
3292,北京现代|ix|25,12,现代
358,途胜,12,现代
1007,北京现代|ix|35,12,现代
2927,全新,12,现代
431,雅绅特,12,现代
814,北京现代|30,12,现代
51,伊兰特,12,现代
690,领翔,12,现代
866,名驭,12,现代
2649,索纳塔,12,现代
429,御翔,12,现代
2256,Veloster,12,现代
1017,索纳塔|进口,12,现代
446,雅尊,12,现代
3453,,12,现代
594,劳恩斯,12,现代
255,雅科仕,12,现代
2984,全新|进口,12,现代
3164,,12,现代
2117,,12,现代
756,劳恩斯|酷派,12,现代
975,途胜|进口,12,现代
127,新胜达|进口,12,现代
131,君爵,12,现代
510,维拉克斯,12,现代
457,美佳,12,现代
252,酷派,12,现代
3090,,185,新凯
163,,71,雪佛兰
2348,,71,雪佛兰
657,科鲁兹,71,雪佛兰
397,景程,71,雪佛兰
2313,,71,雪佛兰
3335,TRAX,71,雪佛兰
2583,科帕奇,71,雪佛兰
420,乐骋,71,雪佛兰
439,乐风,71,雪佛兰
678,Camaro,71,雪佛兰
808,SPARK,71,雪佛兰
682,Volt,71,雪佛兰
546,科帕奇|进口,71,雪佛兰
2945,雪铁龙,72,雪铁龙
639,世嘉,72,雪铁龙
98,爱丽舍,72,雪铁龙
792,雪铁龙,72,雪铁龙
232,毕加索,72,雪铁龙
476,雪铁龙,72,雪铁龙
293,富康,72,雪铁龙
388,凯旋,72,雪铁龙
230,赛纳,72,雪铁龙
2473,雪铁龙|Aircross,72,雪铁龙
473,毕加索,72,雪铁龙
329,雪铁龙,72,雪铁龙
480,雪铁龙,72,雪铁龙
212,雪铁龙|进口,72,雪铁龙
440,雪铁龙,72,雪铁龙
2378,野马|10,111,野马|汽车
2445,野马|12,111,野马|汽车
2440,野马|16,111,野马|汽车
939,野马|99,111,野马|汽车
444,威志,110,一汽
879,威志,110,一汽
2716,威志,110,一汽
104,威姿,110,一汽
101,夏利,110,一汽
878,夏利,110,一汽
2781,夏利,110,一汽
3081,60,110,一汽
106,威乐,110,一汽
2131,森雅|80,110,一汽
913,森雅|80,110,一汽
3553,英菲尼迪|50,73,英菲尼迪
2992,英菲尼迪|50,73,英菲尼迪
3097,英菲尼迪|70,73,英菲尼迪
3535,英菲尼迪|ESQ,73,英菲尼迪
3098,英菲尼迪|QX|50|进口,73,英菲尼迪
3043,英菲尼迪|QX|60,73,英菲尼迪
3099,英菲尼迪|QX|70,73,英菲尼迪
3100,英菲尼迪|QX|80,73,英菲尼迪
3201,英菲尼迪|60,73,英菲尼迪
3202,英菲尼迪|60,73,英菲尼迪
2400,英菲尼迪|JX,73,英菲尼迪
383,英菲尼迪,73,英菲尼迪
581,英菲尼迪,73,英菲尼迪
605,英菲尼迪|EX,73,英菲尼迪
122,英菲尼迪|FX,73,英菲尼迪
416,英菲尼迪|QX,73,英菲尼迪
3306,,192,
3087,猎鹰,93,
424,380,93,
3497,,206,
3289,中华,22,中华
2999,中华|220,22,中华
2770,中华|230,22,中华
2857,中华|320,22,中华
2998,中华|330,22,中华
2323,中华|530,22,中华
523,中华|骏捷|FRV,22,中华
825,中华|骏捷|FSV,22,中华
411,中华|骏捷,22,中华
130,中华|尊驰,22,中华
2294,中华,22,中华
860,中华|骏捷|Cross,22,中华
490,中华酷宝,22,中华
2658,中兴,74,
2850,,74,
627,无限,74,
2081,无限,74,
2143,无限,74,
2230,江南|TT,94,众泰
3575,100,94,众泰
3002,众泰|100,94,众泰
2161,众泰|200,94,众泰
2171,众泰|200|HB,94,众泰
2337,众泰|300,94,众泰
3425,众泰|500,94,众泰
558,众泰|2008,94,众泰
663,众泰|5008,94,众泰
2336,众泰|200,94,众泰
2334,众泰|600,94,众泰
708,众泰|300,94,众泰
2541,瑞风,84,江淮
2566,,76,长安
2139,五菱,114,五菱|汽车
2451,五菱荣光,114,五菱|汽车
2452,东风小康|01,142,东风小康
2456,五菱之光,114,五菱|汽车
2466,日产|22,63,日产
2476,优优,101,
2477,,81,东南
2478,福瑞达,79,昌河
2480,众泰|10,94,众泰
2481,福仕达,86,海马
2482,北汽|306,143,北汽
2484,优雅,101,
2485,,24,
2486,民意,24,
2487,小霸王,24,
2488,,108,广汽|吉奥
2489,优派,101,
2490,东风小康|07,142,东风小康
2491,东风小康|21,142,东风小康
2492,优胜,101,
2493,优胜|2代,101,
2494,东风小康|22,142,东风小康
2495,东风小康|27,142,东风小康
2496,优劲,101,
2497,东风小康|02,142,东风小康
2498,东风小康|06,142,东风小康
2499,东风小康|17,142,东风小康
2500,东风小康|07,142,东风小康
2501,东风小康|07|II,142,东风小康
2502,,80,力帆
2503,,80,力帆
2504,长安|星光,163,长安|商用
2505,,163,长安|商用
2506,PN|货车,114,五菱|汽车
2523,经典|全顺,8,福特
2524,世代|全顺,8,福特
2527,,3,丰田
2530,得利卡,81,东南
2531,都灵,144,依维柯
2532,得意,144,依维柯
2533,,144,依维柯
2534,浪迪,53,铃木
2535,风景,96,福田
2536,路尊|大霸王,24,
2537,阁瑞斯,83,金杯
2538,威麟,102,威麟
2539,威麟,102,威麟
2542,蒙派克,96,福田
2545,金杯|海狮,83,金杯
2564,凌特,36,奔驰
2568,财运|500,108,广汽|吉奥
2569,,84,江淮
2571,财运|300,108,广汽|吉奥
2572,,150,
2573,九龙,151,九龙
2576,九龙,151,九龙
2577,,96,福田
2578,,63,日产
2579,,96,福田
2581,,84,江淮
2582,MPV,151,九龙
2599,财运|100,108,广汽|吉奥
2600,长安,163,长安|商用
2601,海星,83,金杯
2604,长安|460,163,长安|商用
2605,长安,163,长安|商用
2606,长安|星光|4500,163,长安|商用
2607,HIACE,3,丰田
2608,上汽|大通|80,155,上汽|大通
2659,大力神,83,金杯
2660,,83,金杯
2665,,83,金杯
2673,,150,
2711,海星,83,金杯
2712,海星|20,83,金杯
2744,东风小康|29,142,东风小康
2745,,84,江淮
2800,,80,力帆
2810,金杯|海狮,83,金杯
2837,海星|22,83,金杯
2839,,32,东风
2853,日产|ZN,63,日产
2855,五菱荣光,114,五菱|汽车
2865,东风小康|37,142,东风小康
2885,CL,108,广汽|吉奥
2901,CV|03,32,东风
2923,,163,长安|商用
2943,北汽|205,143,北汽
2976,海狮,175,
3017,优优|2代,101,
3036,东风小康|35,142,东风小康
3038,中意,24,
3058,,79,昌河
3086,风光,142,东风小康
3089,蒙派克,96,福田
3091,,163,长安|商用
3136,海狮|30,83,金杯
3139,,108,广汽|吉奥
3140,,108,广汽|吉奥
3149,,150,
3155,长安,163,长安|商用
3156,优雅|2代,101,
3159,,108,广汽|吉奥
3160,福仕达|鸿达,86,海马
3162,福仕达|腾达,86,海马
3163,福仕达,86,海马
3166,,32,东风
3191,北汽|20,143,北汽
3192,伊思坦纳,155,上汽|大通
3227,,163,长安|商用
3228,力帆|11,80,力帆
3229,力帆|21,80,力帆
3231,北汽|307,143,北汽
3235,,150,
3243,,150,
3311,长安,163,长安|商用
3346,70,197,
3428,北汽|205,143,北汽
100010,风行,32,东风
100016,丰田|佳美,3,丰田
100018,公爵,63,日产
100023,中意,24,
3432,11,213,南京|金龙
2986,,145,金龙
2985,凯歌,145,金龙
3549,,145,金龙
3504,成功,196,成功|汽车
3505,成功,196,成功|汽车
3506,成功,196,成功|汽车
3507,成功,196,成功|汽车
3508,成功,196,成功|汽车
